{
  "template":
    {
      "data": {
          "address": 1,
          "age": 1,
          "birthday": 1,
          "district": 1,
          "doctype": 1,
          "ethnicity": 1,
          "expiry": 1,
          "front_flg": 1,
          "home_town": 1,
          "id": 1,
          "image_roi": 1,
          "image_backroi": 0,
          "issue_at": 1,
          "issue_date": 1,
          "name": 1,
          "province": 1,
          "religion": 1,
          "sex": 1,
          "ward": 1
      },
      "input_check": {
          "all": 1,
          "I1": 0,
          "I2": 0,
          "I3": 1,
          "I4": 1,
          "I5": 1,
          "I6": 1,
          "I7": 1,
          "I8": 1,
          "I9": 0,
          "I10": 1,
          "I11": 0
      },
      "fraud_check": {
          "all": 1,
          "F1": 0,
          "F2": 0,
          "F3": 0,
          "F4": 1,
          "F5": 1,
          "F6": 0,
          "F7": 1,
          "F8": 1
      },
      "logic_check": {
          "all": 1,
          "L1": 1,
          "L2": 1,
          "L3": 1,
          "L4": 1,
          "L5": 1,
          "L6": 1,
          "L7": 1,
          "L8": 1,
          "L9": 1,
          "L10": 1,
          "L11": 1,
          "L12": 1,
          "L13": 1,
          "L14": 1,
          "L15": 1,
          "L16": 1
      },
      "score": 1,
      "using_mongo": 0
    },
  "id":"1001"
}